archive_id,date,author_display,clean_subject,archive_url
000050,1991-04-24 10:06:54+00:00,falk,,https://list.indology.info/pipermail/indology/1991-April/000050.html
000055,1991-05-07 10:15:51+00:00,falk,,https://list.indology.info/pipermail/indology/1991-May/000055.html
000056,1991-05-08 14:40:56+00:00,madhav_deshpande at EDU.UMICH.CC.UM,,https://list.indology.info/pipermail/indology/1991-May/000056.html
000057,1991-05-10 18:35:31+00:00,CYFB000,,https://list.indology.info/pipermail/indology/1991-May/000057.html
000060,1991-05-20 14:17:48+00:00,ZYSK at EDU.NYU.ACFCLUSTER,,https://list.indology.info/pipermail/indology/1991-May/000060.html
000108,1991-07-31 17:22:41+00:00,FO90030,,https://list.indology.info/pipermail/indology/1991-July/000108.html
000109,1991-07-31 17:24:47+00:00,FO90030,,https://list.indology.info/pipermail/indology/1991-July/000109.html
000111,1991-08-07 10:45:52+00:00,FO90030,,https://list.indology.info/pipermail/indology/1991-August/000111.html
000149,1991-11-01 11:02:05+00:00,Dominik Wujastyk,,https://list.indology.info/pipermail/indology/1991-November/000149.html
000150,1991-11-01 14:53:56+00:00,E50488 at EARN.JPNKUDPC,,https://list.indology.info/pipermail/indology/1991-November/000150.html
000151,1991-11-01 20:08:40+00:00,Jamie,,https://list.indology.info/pipermail/indology/1991-November/000151.html
000155,1991-11-07 15:36:00+00:00,E50488 at EARN.JPNKUDPC,,https://list.indology.info/pipermail/indology/1991-November/000155.html
000164,1991-11-27 00:30:25+00:00,FO90030,,https://list.indology.info/pipermail/indology/1991-November/000164.html
000163,1991-11-26 23:10:14+00:00,Richard Philip Hayes,,https://list.indology.info/pipermail/indology/1991-November/000163.html
000165,1991-11-27 22:20:21+00:00,Dominik Wujastyk,,https://list.indology.info/pipermail/indology/1991-November/000165.html
000166,1991-11-29 16:05:14+00:00,E50488 at EARN.JPNKUDPC,,https://list.indology.info/pipermail/indology/1991-November/000166.html
000168,1991-12-01 11:09:04+00:00,Jamie Hubbard,,https://list.indology.info/pipermail/indology/1991-December/000168.html
000169,1991-12-02 15:42:00+00:00,ZYSK at EDU.NYU.ACFCLUSTER,,https://list.indology.info/pipermail/indology/1991-December/000169.html
000172,1992-01-08 15:40:00+00:00,BAKKER at NL.RUG.RUGR86,,https://list.indology.info/pipermail/indology/1992-January/000172.html
000173,1992-01-09 14:59:53+00:00,Birgit Mayer <AG5 at EARN.DHDURZ1>,,https://list.indology.info/pipermail/indology/1992-January/000173.html
000239,1992-05-20 12:12:16+00:00,FO90030,,https://list.indology.info/pipermail/indology/1992-May/000239.html
000261,1992-06-04 14:54:30+00:00,FO90030,,https://list.indology.info/pipermail/indology/1992-June/000261.html
000375,1993-01-13 16:08:54+00:00,kak at max.ee.lsu.edu,,https://list.indology.info/pipermail/indology/1993-January/000375.html
000385,1993-01-19 15:29:16+00:00,kak at max.ee.lsu.edu,,https://list.indology.info/pipermail/indology/1993-January/000385.html
000387,1993-01-25 01:28:25+00:00,MICHAEL STRANGELOVE,,https://list.indology.info/pipermail/indology/1993-January/000387.html
000413,1993-02-04 04:02:16+00:00,rwl at emx.cc.utexas.edu,,https://list.indology.info/pipermail/indology/1993-February/000413.html
000626,1993-08-19 08:08:37+00:00,Thomas Malten,,https://list.indology.info/pipermail/indology/1993-August/000626.html
000693,1993-09-28 20:29:36+00:00,madhav.deshpande at um.cc.umich.edu,,https://list.indology.info/pipermail/indology/1993-September/000693.html
000885,1994-02-09 02:30:49+00:00,l.m.fosse at easteur-orient.uio.no,,https://list.indology.info/pipermail/indology/1994-February/000885.html
000886,1994-02-09 14:23:21+00:00,D53 at VM.URZ.UNI-HEIDELBERG.DE,,https://list.indology.info/pipermail/indology/1994-February/000886.html
000897,1994-02-16 19:13:06+00:00,David Magier,,https://list.indology.info/pipermail/indology/1994-February/000897.html
001053,1994-05-26 21:35:11+00:00,G. Ramkumar,,https://list.indology.info/pipermail/indology/1994-May/001053.html
001068,1994-06-07 18:20:10+00:00,Akihiko Akamatsu,,https://list.indology.info/pipermail/indology/1994-June/001068.html
001096,1994-07-07 16:04:37+00:00,aklujkar at unixg.ubc.ca,,https://list.indology.info/pipermail/indology/1994-July/001096.html
001186,1994-08-28 20:03:28+00:00,edeltraud harzer clear,,https://list.indology.info/pipermail/indology/1994-August/001186.html
001195,1994-09-02 22:06:31+00:00,SILK at AC.GRIN.EDU,,https://list.indology.info/pipermail/indology/1994-September/001195.html
001403,1994-10-05 17:52:42+00:00,nas_ng at lms420.jsc.nasa.gov,,https://list.indology.info/pipermail/indology/1994-October/001403.html
001558,1994-11-10 10:48:57+00:00,l.m.fosse at easteur-orient.uio.no,,https://list.indology.info/pipermail/indology/1994-November/001558.html
001593,1994-11-16 21:43:40+00:00,David Magier,,https://list.indology.info/pipermail/indology/1994-November/001593.html
001698,1994-12-20 18:32:07+00:00,Kellner,,https://list.indology.info/pipermail/indology/1994-December/001698.html
001704,1994-12-27 03:45:50+00:00,Kellner,,https://list.indology.info/pipermail/indology/1994-December/001704.html
001882,1995-02-07 11:51:52+00:00,yanom at ksuvx0.kyoto-su.ac.jp,,https://list.indology.info/pipermail/indology/1995-February/001882.html
001936,1995-02-14 11:38:08+00:00,s. kalyanaraman,,https://list.indology.info/pipermail/indology/1995-February/001936.html
002550,1995-06-03 17:35:14+00:00,hipbone at earthlink.net,,https://list.indology.info/pipermail/indology/1995-June/002550.html
002774,1995-07-12 14:55:46+00:00,Mitsuru Ando,unsubscribe Ashok Sharma,https://list.indology.info/pipermail/indology/1995-July/002774.html
003522,1995-11-10 20:30:55+00:00,David Magier,,https://list.indology.info/pipermail/indology/1995-November/003522.html
003550,1995-11-15 01:39:19+00:00,KHarper at lmumail.lmu.edu,,https://list.indology.info/pipermail/indology/1995-November/003550.html
003724,1995-12-03 19:58:44+00:00,SHRINIVAS TILAK,,https://list.indology.info/pipermail/indology/1995-December/003724.html
003755,1995-12-07 20:11:50+00:00,Greg Heil,,https://list.indology.info/pipermail/indology/1995-December/003755.html
003922,1996-01-13 00:21:00+00:00,phijag at cobra.nus.sg,Test,https://list.indology.info/pipermail/indology/1996-January/003922.html
004056,1996-02-06 21:14:43+00:00,Frank Conlon,,https://list.indology.info/pipermail/indology/1996-February/004056.html
004228,1996-02-20 00:03:09+00:00,AmitaSarin at aol.com,,https://list.indology.info/pipermail/indology/1996-February/004228.html
004902,1996-05-05 10:54:18+00:00,Dick de Groot,,https://list.indology.info/pipermail/indology/1996-May/004902.html
005001,1996-05-11 02:24:08+00:00,pclaus at s1.csuhayward.edu,,https://list.indology.info/pipermail/indology/1996-May/005001.html
005214,1996-05-29 13:56:27+00:00,Mittal Sushil,,https://list.indology.info/pipermail/indology/1996-May/005214.html
005242,1996-06-02 11:35:17+00:00,Dominik Wujastyk,How to unsubscribe,https://list.indology.info/pipermail/indology/1996-June/005242.html
005446,1996-07-18 19:46:45+00:00,David Magier,,https://list.indology.info/pipermail/indology/1996-July/005446.html
005728,1996-09-09 18:49:47+00:00,Girish Beeharry,,https://list.indology.info/pipermail/indology/1996-September/005728.html
006019,1996-10-24 16:58:28+00:00,J. Kingston Cowart,,https://list.indology.info/pipermail/indology/1996-October/006019.html
006179,1996-11-15 20:34:10+00:00,Luis Gonzalez-Reimann,,https://list.indology.info/pipermail/indology/1996-November/006179.html
006241,1996-11-22 14:38:32+00:00,David Magier,,https://list.indology.info/pipermail/indology/1996-November/006241.html
006240,1996-11-22 10:04:10+00:00,Mandakranta Bose,,https://list.indology.info/pipermail/indology/1996-November/006240.html
006430,1996-12-05 22:32:40+00:00,Allen Thrasher,,https://list.indology.info/pipermail/indology/1996-December/006430.html
006677,1997-01-14 14:31:39+00:00,David Magier,,https://list.indology.info/pipermail/indology/1997-January/006677.html
006719,1997-01-17 21:26:12+00:00,Max,,https://list.indology.info/pipermail/indology/1997-January/006719.html
006759,1997-01-22 15:38:44+00:00,thillaud at unice.fr,,https://list.indology.info/pipermail/indology/1997-January/006759.html
006761,1997-01-22 15:49:43+00:00,bpj at netg.se,,https://list.indology.info/pipermail/indology/1997-January/006761.html
006940,1997-02-14 16:41:11+00:00,Robert J. Zydenbos,,https://list.indology.info/pipermail/indology/1997-February/006940.html
007517,1997-04-01 09:54:45+00:00,JAYABARATHI,,https://list.indology.info/pipermail/indology/1997-April/007517.html
007620,1997-04-05 22:12:23+00:00,John Newman (NC),,https://list.indology.info/pipermail/indology/1997-April/007620.html
007877,1997-04-18 12:36:22+00:00,jacob.baltuch at infoboard.be,,https://list.indology.info/pipermail/indology/1997-April/007877.html
007879,1997-04-19 03:25:20+00:00,zydenbos at flevoland.xs4all.nl,,https://list.indology.info/pipermail/indology/1997-April/007879.html
007878,1997-04-19 02:22:25+00:00,Vidyasankar Sundaresan,,https://list.indology.info/pipermail/indology/1997-April/007878.html
007882,1997-04-19 21:05:24+00:00,claude setzer,,https://list.indology.info/pipermail/indology/1997-April/007882.html
008073,1997-05-12 00:23:14+00:00,Nithin Mettu,,https://list.indology.info/pipermail/indology/1997-May/008073.html
009238,1997-09-13 12:15:47+00:00,Mr A.J. Thew,"test, please ignore.",https://list.indology.info/pipermail/indology/1997-September/009238.html
009319,1997-09-18 17:39:24+00:00,Mr A.J. Thew,"test, please ignore.",https://list.indology.info/pipermail/indology/1997-September/009319.html
009314,1997-09-18 18:57:42+00:00,S Krishna,"test, please ignore.",https://list.indology.info/pipermail/indology/1997-September/009314.html
009516,1997-10-08 14:48:20+00:00,DEVARAKONDA VENKATA NARAYANA SARMA,,https://list.indology.info/pipermail/indology/1997-October/009516.html
009533,1997-10-11 06:59:26+00:00,Ramkumar,,https://list.indology.info/pipermail/indology/1997-October/009533.html
009536,1997-10-11 13:04:17+00:00,Lars Martin Fosse,,https://list.indology.info/pipermail/indology/1997-October/009536.html
009542,1997-10-12 09:24:11+00:00,Rolf Heinrich Koch,,https://list.indology.info/pipermail/indology/1997-October/009542.html
009544,1997-10-12 15:47:22+00:00,Dr. Jai Maharaj,,https://list.indology.info/pipermail/indology/1997-October/009544.html
009549,1997-10-13 14:59:29+00:00,Jan Brzezinski,,https://list.indology.info/pipermail/indology/1997-October/009549.html
009949,1997-11-24 04:44:27+00:00,Muneo TOKUNAGA,,https://list.indology.info/pipermail/indology/1997-November/009949.html
010025,1997-11-29 22:29:51+00:00,Robert J. Zydenbos,,https://list.indology.info/pipermail/indology/1997-November/010025.html
010256,1997-12-28 15:01:07+00:00,DEVARAKONDA VENKATA NARAYANA SARMA,,https://list.indology.info/pipermail/indology/1997-December/010256.html
010261,1997-12-30 11:37:37+00:00,DEVARAKONDA VENKATA NARAYANA SARMA,,https://list.indology.info/pipermail/indology/1997-December/010261.html
011817,1998-04-21 05:06:34+00:00,Adrian Burton,,https://list.indology.info/pipermail/indology/1998-April/011817.html
011925,1998-04-28 19:09:16+00:00,Allen W Thrasher,,https://list.indology.info/pipermail/indology/1998-April/011925.html
012763,1998-06-15 17:46:33+00:00,George Thompson,Mail Test # 2 (plese delete),https://list.indology.info/pipermail/indology/1998-June/012763.html
012967,1998-06-25 20:07:42+00:00,N. Ganesan,unsubscribe,https://list.indology.info/pipermail/indology/1998-June/012967.html
012979,1998-06-25 23:08:59+00:00,Rolf Heiner Koch,unsubscribe,https://list.indology.info/pipermail/indology/1998-June/012979.html
013354,1998-08-01 00:00:24+00:00,Dr.S.Kalyanaraman,,https://list.indology.info/pipermail/indology/1998-August/013354.html
013355,1998-08-01 05:44:35+00:00,Hindustan Search,,https://list.indology.info/pipermail/indology/1998-August/013355.html
013494,1998-09-17 14:55:53+00:00,Dr.S.Kalyanaraman,,https://list.indology.info/pipermail/indology/1998-September/013494.html
013496,1998-09-17 22:54:52+00:00,S Krishna,,https://list.indology.info/pipermail/indology/1998-September/013496.html
013516,1998-09-18 17:59:57+00:00,Jibunnessa,,https://list.indology.info/pipermail/indology/1998-September/013516.html
013515,1998-09-19 01:18:34+00:00,S Krishna,,https://list.indology.info/pipermail/indology/1998-September/013515.html
013524,1998-09-19 21:22:53+00:00,Lars Martin Fosse,,https://list.indology.info/pipermail/indology/1998-September/013524.html
013610,1998-10-02 00:04:33+00:00,N. Ganesan,,https://list.indology.info/pipermail/indology/1998-October/013610.html
013619,1998-10-03 04:38:47+00:00,Dominik Wujastyk,,https://list.indology.info/pipermail/indology/1998-October/013619.html
013620,1998-10-03 14:01:53+00:00,Dr.S.Kalyanaraman,,https://list.indology.info/pipermail/indology/1998-October/013620.html
013638,1998-10-05 22:01:20+00:00,George Cardona,,https://list.indology.info/pipermail/indology/1998-October/013638.html
013645,1998-10-07 19:25:23+00:00,Madhav Deshpande,,https://list.indology.info/pipermail/indology/1998-October/013645.html
013655,1998-10-08 17:54:15+00:00,SNS,,https://list.indology.info/pipermail/indology/1998-October/013655.html
013661,1998-10-09 12:28:25+00:00,john grimes,,https://list.indology.info/pipermail/indology/1998-October/013661.html
013688,1998-10-13 05:01:18+00:00,Sumedh Mungee,,https://list.indology.info/pipermail/indology/1998-October/013688.html
013793,1998-10-23 20:27:10+00:00,Dr.S.Kalyanaraman,UNSUBSCRIBE,https://list.indology.info/pipermail/indology/1998-October/013793.html
013881,1998-10-31 16:17:42+00:00,Enrica Garzilli,,https://list.indology.info/pipermail/indology/1998-October/013881.html
013916,1998-11-03 03:22:43+00:00,S.Kalyanaraman,,https://list.indology.info/pipermail/indology/1998-November/013916.html
013918,1998-11-03 03:55:21+00:00,S.Kalyanaraman,,https://list.indology.info/pipermail/indology/1998-November/013918.html
013955,1998-11-04 14:27:46+00:00,DEVARAKONDA VENKATA NARAYANA SARMA,,https://list.indology.info/pipermail/indology/1998-November/013955.html
013968,1998-11-05 21:00:20+00:00,S.Kalyanaraman,,https://list.indology.info/pipermail/indology/1998-November/013968.html
013970,1998-11-05 22:12:58+00:00,S.Kalyanaraman,,https://list.indology.info/pipermail/indology/1998-November/013970.html
013985,1998-11-06 13:37:17+00:00,Miguel Carrasquer Vidal,,https://list.indology.info/pipermail/indology/1998-November/013985.html
014027,1998-11-07 15:30:31+00:00,K. S. Arjunwadkar,,https://list.indology.info/pipermail/indology/1998-November/014027.html
014016,1998-11-07 16:16:11+00:00,S.Kalyanaraman,,https://list.indology.info/pipermail/indology/1998-November/014016.html
014041,1998-11-07 13:43:08+00:00,Jacob Baltuch,test,https://list.indology.info/pipermail/indology/1998-November/014041.html
014028,1998-11-08 00:09:02+00:00,Paul Kekai Manansala,,https://list.indology.info/pipermail/indology/1998-November/014028.html
014048,1998-11-08 04:51:48+00:00,Shinyoung Yoo,,https://list.indology.info/pipermail/indology/1998-November/014048.html
014085,1998-11-09 19:34:39+00:00,Miguel Carrasquer Vidal,,https://list.indology.info/pipermail/indology/1998-November/014085.html
014083,1998-11-10 06:52:34+00:00,Paul Kekai Manansala,,https://list.indology.info/pipermail/indology/1998-November/014083.html
014091,1998-11-10 07:25:46+00:00,H.M.Hubey,,https://list.indology.info/pipermail/indology/1998-November/014091.html
014160,1998-11-12 16:49:27+00:00,Johannes Bronkhorst,,https://list.indology.info/pipermail/indology/1998-November/014160.html
014281,1998-11-26 19:12:29+00:00,S Krishna,,https://list.indology.info/pipermail/indology/1998-November/014281.html
014535,1998-12-10 08:39:36+00:00,lata deokar,,https://list.indology.info/pipermail/indology/1998-December/014535.html
014671,1998-12-18 16:07:38+00:00,Volker Thewalt,,https://list.indology.info/pipermail/indology/1998-December/014671.html
014661,1998-12-18 20:04:53+00:00,N. Ganesan,"Test, please ignore..",https://list.indology.info/pipermail/indology/1998-December/014661.html
014673,1998-12-18 20:12:28+00:00,Volker Thewalt,Test. Please ignore..,https://list.indology.info/pipermail/indology/1998-December/014673.html
016290,1999-03-15 23:29:20+00:00,Alok Kumar,,https://list.indology.info/pipermail/indology/1999-March/016290.html
016292,1999-03-16 02:27:19+00:00,David Magier,,https://list.indology.info/pipermail/indology/1999-March/016292.html
016298,1999-03-16 06:58:01+00:00,Jadranka Schauer,,https://list.indology.info/pipermail/indology/1999-March/016298.html
016384,1999-03-27 08:11:13+00:00,Chris Beetle,,https://list.indology.info/pipermail/indology/1999-March/016384.html
016628,1999-04-22 01:58:27+00:00,S.Kalyanaraman,Unsubscribe,https://list.indology.info/pipermail/indology/1999-April/016628.html
016638,1999-04-22 10:16:53+00:00,David Jonsson,Unsubscribe,https://list.indology.info/pipermail/indology/1999-April/016638.html
017512,1999-06-09 07:20:54+00:00,Th. de Bruijn,,https://list.indology.info/pipermail/indology/1999-June/017512.html
017799,1999-06-19 21:20:54+00:00,Benjamin Fleming,unsubscribe,https://list.indology.info/pipermail/indology/1999-June/017799.html
017877,1999-06-29 03:12:12+00:00,"Aditya, the Hindu Skeptic",unsubscribe,https://list.indology.info/pipermail/indology/1999-June/017877.html
017990,1999-07-17 11:25:59+00:00,Dominik Wujastyk,,https://list.indology.info/pipermail/indology/1999-July/017990.html
018025,1999-07-28 08:44:20+00:00,Allen W Thrasher,,https://list.indology.info/pipermail/indology/1999-July/018025.html
018037,1999-07-31 00:32:28+00:00,Shirin Khokhariwal,,https://list.indology.info/pipermail/indology/1999-July/018037.html
018047,1999-08-02 08:58:20+00:00,S.Kalyanaraman,,https://list.indology.info/pipermail/indology/1999-August/018047.html
018052,1999-08-02 18:18:52+00:00,Anand Nayak,,https://list.indology.info/pipermail/indology/1999-August/018052.html
018108,1999-08-17 12:55:32+00:00,Saraswati Rao Kavaluri,,https://list.indology.info/pipermail/indology/1999-August/018108.html
018563,1999-09-23 13:40:42+00:00,Anna-Pya Sjödin,,https://list.indology.info/pipermail/indology/1999-September/018563.html
018663,1999-10-07 08:57:40+00:00,Dominik Wujastyk,,https://list.indology.info/pipermail/indology/1999-October/018663.html
018745,1999-10-20 20:51:04+00:00,David Magier,,https://list.indology.info/pipermail/indology/1999-October/018745.html
019050,1999-11-14 04:08:52+00:00,Selva Selvakumar,,https://list.indology.info/pipermail/indology/1999-November/019050.html
019060,1999-11-14 09:09:28+00:00,RM.Krishnan,,https://list.indology.info/pipermail/indology/1999-November/019060.html
019156,1999-11-19 20:26:52+00:00,Paul Kekai Manansala,,https://list.indology.info/pipermail/indology/1999-November/019156.html
019180,1999-11-20 06:11:59+00:00,Ulrike Niklas,,https://list.indology.info/pipermail/indology/1999-November/019180.html
019268,1999-11-29 15:25:21+00:00,K S Arjunwadkar,Unsubscribe,https://list.indology.info/pipermail/indology/1999-November/019268.html
019278,1999-11-30 08:33:32+00:00,John Smith,Unsubscribe,https://list.indology.info/pipermail/indology/1999-November/019278.html
019295,1999-12-01 09:15:08+00:00,L.S.Cousins,,https://list.indology.info/pipermail/indology/1999-December/019295.html
019306,1999-12-01 05:31:12+00:00,Sergei Schmalz,,https://list.indology.info/pipermail/indology/1999-December/019306.html
020028,2000-01-30 22:30:04+00:00,Yaroslav Vassilkov,,https://list.indology.info/pipermail/indology/2000-January/020028.html
020029,2000-01-31 03:58:19+00:00,Jadranka Schauer,Unsubscribe,https://list.indology.info/pipermail/indology/2000-January/020029.html
020460,2000-03-09 13:13:15+00:00,Graefe,,https://list.indology.info/pipermail/indology/2000-March/020460.html
020553,2000-03-14 09:46:17+00:00,S.Kalyanaraman,,https://list.indology.info/pipermail/indology/2000-March/020553.html
020618,2000-03-17 02:39:20+00:00,Rahul Oka,,https://list.indology.info/pipermail/indology/2000-March/020618.html
020637,2000-03-17 14:01:12+00:00,Robert Zydenbos,,https://list.indology.info/pipermail/indology/2000-March/020637.html
020627,2000-03-17 09:51:55+00:00,Rahul Oka,,https://list.indology.info/pipermail/indology/2000-March/020627.html
020666,2000-03-18 19:38:58+00:00,Bob Peck,,https://list.indology.info/pipermail/indology/2000-March/020666.html
020676,2000-03-18 19:49:21+00:00,Robert Zydenbos,,https://list.indology.info/pipermail/indology/2000-March/020676.html
020678,2000-03-18 11:58:53+00:00,Timothy C. Cahill,,https://list.indology.info/pipermail/indology/2000-March/020678.html
020694,2000-03-19 00:32:54+00:00,youri martini,,https://list.indology.info/pipermail/indology/2000-March/020694.html
020720,2000-03-20 10:59:41+00:00,Dominik Wujastyk,,https://list.indology.info/pipermail/indology/2000-March/020720.html
020716,2000-03-20 21:08:20+00:00,Dinesh Maheshwari/CAD,Unsubscribe,https://list.indology.info/pipermail/indology/2000-March/020716.html
020749,2000-03-20 15:33:36+00:00,Robert Zydenbos,,https://list.indology.info/pipermail/indology/2000-March/020749.html
020845,2000-03-26 10:20:43+00:00,S.Kalyanaraman,,https://list.indology.info/pipermail/indology/2000-March/020845.html
020847,2000-03-26 21:44:16+00:00,Sudalaimuthu Palaniappan,,https://list.indology.info/pipermail/indology/2000-March/020847.html
020848,2000-03-26 19:07:43+00:00,Sudalaimuthu Palaniappan,,https://list.indology.info/pipermail/indology/2000-March/020848.html
020850,2000-03-26 19:41:04+00:00,Ashok Aklujkar,,https://list.indology.info/pipermail/indology/2000-March/020850.html
021274,2000-05-10 12:33:11+00:00,Yashwant Malaiya,unsubscribe,https://list.indology.info/pipermail/indology/2000-May/021274.html
021402,2000-05-22 23:07:58+00:00,Yashwant Malaiya,Vedic Reciters/Wisconsin Card Sorting Test,https://list.indology.info/pipermail/indology/2000-May/021402.html
021406,2000-05-23 02:58:52+00:00,Rustam Masalewala,Vedic Reciters/Wisconsin Card Sorting Test,https://list.indology.info/pipermail/indology/2000-May/021406.html
021412,2000-05-23 04:58:39+00:00,Raveen Satkurunathan,Vedic Reciters/Wisconsin Card Sorting Test,https://list.indology.info/pipermail/indology/2000-May/021412.html
021410,2000-05-23 01:10:30+00:00,Luis Gonzalez-Reimann,Vedic Reciters/Wisconsin Card Sorting Test,https://list.indology.info/pipermail/indology/2000-May/021410.html
021431,2000-05-23 18:08:13+00:00,Arlo Griffiths,Vedic Reciters/Wisconsin Card Sorting Test,https://list.indology.info/pipermail/indology/2000-May/021431.html
021429,2000-05-23 09:20:50+00:00,Dominik Wujastyk,Vedic Reciters/Wisconsin Card Sorting Test,https://list.indology.info/pipermail/indology/2000-May/021429.html
021430,2000-05-23 11:41:21+00:00,Adela or Alain Sandness Leblanc,Vedic Reciters/Wisconsin Card Sorting Test,https://list.indology.info/pipermail/indology/2000-May/021430.html
021709,2000-06-29 08:31:32+00:00,Subrahmanya S.,,https://list.indology.info/pipermail/indology/2000-June/021709.html
021746,2000-07-03 20:11:13+00:00,N. Ganesan,,https://list.indology.info/pipermail/indology/2000-July/021746.html
021758,2000-07-03 20:11:14+00:00,Dominik Wujastyk,,https://list.indology.info/pipermail/indology/2000-July/021758.html
021778,2000-07-04 17:43:00+00:00,Lars Martin Fosse,,https://list.indology.info/pipermail/indology/2000-July/021778.html
021830,2000-07-07 05:50:58+00:00,Steve Farmer,,https://list.indology.info/pipermail/indology/2000-July/021830.html
021861,2000-07-08 01:02:33+00:00,MLBD,,https://list.indology.info/pipermail/indology/2000-July/021861.html
021963,2000-07-14 20:34:17+00:00,Rajarshi Banerjee,,https://list.indology.info/pipermail/indology/2000-July/021963.html
021965,2000-07-14 22:43:27+00:00,Jogesh Panda,,https://list.indology.info/pipermail/indology/2000-July/021965.html
022059,2000-07-19 19:30:58+00:00,Rajarshi Banerjee,,https://list.indology.info/pipermail/indology/2000-July/022059.html
022147,2000-07-25 04:31:13+00:00,Subrahmanya S.,,https://list.indology.info/pipermail/indology/2000-July/022147.html
022159,2000-07-25 14:12:31+00:00,B.Bhattacharya,,https://list.indology.info/pipermail/indology/2000-July/022159.html
022196,2000-07-28 04:22:36+00:00,Richard Barz,,https://list.indology.info/pipermail/indology/2000-July/022196.html
022192,2000-07-28 04:51:02+00:00,Professor D N Jha,,https://list.indology.info/pipermail/indology/2000-July/022192.html
022191,2000-07-28 04:47:48+00:00,Jadranka Schauer,,https://list.indology.info/pipermail/indology/2000-July/022191.html
022199,2000-07-28 14:03:42+00:00,Ulrike Niklas,,https://list.indology.info/pipermail/indology/2000-July/022199.html
022217,2000-07-31 06:16:49+00:00,Lars Martin Fosse,,https://list.indology.info/pipermail/indology/2000-July/022217.html
022506,2000-08-28 14:56:04+00:00,Martin Gansten,,https://list.indology.info/pipermail/indology/2000-August/022506.html
022504,2000-08-28 18:13:06+00:00,George Thompson,,https://list.indology.info/pipermail/indology/2000-August/022504.html
022539,2000-08-31 15:32:48+00:00,Naseem Hines,,https://list.indology.info/pipermail/indology/2000-August/022539.html
022555,2000-09-01 00:43:25+00:00,David,,https://list.indology.info/pipermail/indology/2000-September/022555.html
022598,2000-09-05 14:07:26+00:00,nanda chandran,,https://list.indology.info/pipermail/indology/2000-September/022598.html
022617,2000-09-05 14:41:35+00:00,John D. Dunne,,https://list.indology.info/pipermail/indology/2000-September/022617.html
023841,2000-11-13 15:27:57+00:00,Steve Farmer,,https://list.indology.info/pipermail/indology/2000-November/023841.html
023950,2000-11-17 02:25:37+00:00,Lynken Ghose,,https://list.indology.info/pipermail/indology/2000-November/023950.html
024137,2000-11-30 23:34:46+00:00,Harry Spier,,https://list.indology.info/pipermail/indology/2000-November/024137.html
024153,2000-12-01 17:33:00+00:00,Harry Spier,,https://list.indology.info/pipermail/indology/2000-December/024153.html
024178,2000-12-02 00:56:59+00:00,Yashwant Malaiya,,https://list.indology.info/pipermail/indology/2000-December/024178.html
025063,2001-01-24 03:41:45+00:00,JAEKWAN SHIM,,https://list.indology.info/pipermail/indology/2001-January/025063.html
025064,2001-01-24 08:47:41+00:00,Daniela Rossella,,https://list.indology.info/pipermail/indology/2001-January/025064.html
025083,2001-01-29 06:13:50+00:00,iplel,,https://list.indology.info/pipermail/indology/2001-January/025083.html
025571,2001-03-01 20:58:01+00:00,Lynken Ghose,,https://list.indology.info/pipermail/indology/2001-March/025571.html
025665,2001-03-11 02:12:14+00:00,Valerie J Roebuck,Enquiry - How do I unsubscribe temporarily for three weeks?,https://list.indology.info/pipermail/indology/2001-March/025665.html
025734,2001-03-15 16:52:53+00:00,Yashwant Malaiya,Enquiry - How do I unsubscribe temporarily for three weeks?,https://list.indology.info/pipermail/indology/2001-March/025734.html
025777,2001-03-18 00:09:44+00:00,Sven Ekelin,,https://list.indology.info/pipermail/indology/2001-March/025777.html
025876,2001-03-26 15:36:11+00:00,Lars Martin Fosse,,https://list.indology.info/pipermail/indology/2001-March/025876.html
025951,2001-04-02 15:12:41+00:00,Avinash Sathaye,,https://list.indology.info/pipermail/indology/2001-April/025951.html
026068,2001-04-11 12:41:45+00:00,Lars Martin Fosse,,https://list.indology.info/pipermail/indology/2001-April/026068.html
026117,2001-04-13 19:23:15+00:00,Lynken Ghose,,https://list.indology.info/pipermail/indology/2001-April/026117.html
026223,2001-07-14 19:36:58+00:00,Chris Wooff,test message,https://list.indology.info/pipermail/indology/2001-July/026223.html
026224,2001-07-14 20:12:17+00:00,Harunaga Isaacson,Test,https://list.indology.info/pipermail/indology/2001-July/026224.html
026225,2001-07-16 12:47:03+00:00,Dominik Wujastyk,test message,https://list.indology.info/pipermail/indology/2001-July/026225.html
026226,2001-07-16 12:47:29+00:00,Dominik Wujastyk,Test,https://list.indology.info/pipermail/indology/2001-July/026226.html
026227,2001-07-17 08:10:27+00:00,John Brockington,test message,https://list.indology.info/pipermail/indology/2001-July/026227.html
026397,2001-10-22 17:47:30+00:00,Lielukhine D.N.,,https://list.indology.info/pipermail/indology/2001-October/026397.html
026768,2002-03-11 20:11:46+00:00,Lars Martin Fosse,,https://list.indology.info/pipermail/indology/2002-March/026768.html
026937,2002-05-21 13:32:50+00:00,Madhav Deshpande,,https://list.indology.info/pipermail/indology/2002-May/026937.html
027036,2002-08-05 17:10:26+00:00,Lielukhine D.N.,,https://list.indology.info/pipermail/indology/2002-August/027036.html
027077,2002-09-05 20:16:31+00:00,harunaga at SAS.UPENN.EDU,,https://list.indology.info/pipermail/indology/2002-September/027077.html
027325,2002-12-17 03:00:40+00:00,humanidades India,,https://list.indology.info/pipermail/indology/2002-December/027325.html
027600,2003-03-25 18:52:29+00:00,Christian Lee Novetzke,,https://list.indology.info/pipermail/indology/2003-March/027600.html
027841,2003-08-11 16:35:37+00:00,David Rustin Mellins,,https://list.indology.info/pipermail/indology/2003-August/027841.html
027876,2003-08-29 21:56:05+00:00,Richard Mahoney,,https://list.indology.info/pipermail/indology/2003-August/027876.html
027909,2003-09-30 01:26:13+00:00,Gast Itb,,https://list.indology.info/pipermail/indology/2003-September/027909.html
028133,2004-01-28 06:03:50+00:00,jagan nadh,,https://list.indology.info/pipermail/indology/2004-January/028133.html
028489,2004-08-03 13:40:46+00:00,Christian Lee Novetzke,,https://list.indology.info/pipermail/indology/2004-August/028489.html
028790,2004-11-22 08:54:24+00:00,Dominik Wujastyk,,https://list.indology.info/pipermail/indology/2004-November/028790.html
029392,2005-10-21 21:07:46+00:00,Patrick Olivelle,,https://list.indology.info/pipermail/indology/2005-October/029392.html
029699,2006-03-13 02:59:30+00:00,Peter Wyzlic,,https://list.indology.info/pipermail/indology/2006-March/029699.html
029915,2006-07-21 15:26:22+00:00,Kengo Harimoto,,https://list.indology.info/pipermail/indology/2006-July/029915.html
029992,2006-09-20 05:19:53+00:00,Deviprasad,,https://list.indology.info/pipermail/indology/2006-September/029992.html
029993,2006-09-20 05:22:55+00:00,Deviprasad,,https://list.indology.info/pipermail/indology/2006-September/029993.html
030150,2006-11-21 11:08:00+00:00,Peter,,https://list.indology.info/pipermail/indology/2006-November/030150.html
030547,2007-02-27 02:01:36+00:00,Patrick Olivelle,,https://list.indology.info/pipermail/indology/2007-February/030547.html
030622,2007-03-28 23:00:17+00:00,ajaykrao at UCHICAGO.EDU,,https://list.indology.info/pipermail/indology/2007-March/030622.html
030838,2007-06-08 19:54:00+00:00,Pankaj Jain,TEST Re: Forwarded message from John Cort,https://list.indology.info/pipermail/indology/2007-June/030838.html
030849,2007-06-09 08:57:14+00:00,Mahendra Kumar Mishra,TEST Re: Forwarded message from John Cort,https://list.indology.info/pipermail/indology/2007-June/030849.html
030853,2007-06-11 03:26:07+00:00,Richard G Salomon,TEST Re: Forwarded message from John Cort,https://list.indology.info/pipermail/indology/2007-June/030853.html
030856,2007-06-11 10:18:26+00:00,David Magier,TEST Re: Forwarded message from John Cort,https://list.indology.info/pipermail/indology/2007-June/030856.html
031019,2007-08-05 23:34:59+00:00,McComas Taylor,,https://list.indology.info/pipermail/indology/2007-August/031019.html
031220,2007-10-30 14:41:49+00:00,Rasik Vihari Joshi Tripathi,,https://list.indology.info/pipermail/indology/2007-October/031220.html
031223,2007-10-30 17:29:14+00:00,"Deshpande, Madhav",,https://list.indology.info/pipermail/indology/2007-October/031223.html
031224,2007-10-31 14:53:16+00:00,Rasik Vihari Joshi Tripathi,,https://list.indology.info/pipermail/indology/2007-October/031224.html
031248,2007-11-07 21:04:00+00:00,John C. Huntington,,https://list.indology.info/pipermail/indology/2007-November/031248.html
031370,2008-01-21 13:17:53+00:00,Lars Martin Fosse,,https://list.indology.info/pipermail/indology/2008-January/031370.html
031369,2008-01-21 09:25:02+00:00,Michael Witzel,,https://list.indology.info/pipermail/indology/2008-January/031369.html
031754,2008-06-18 07:25:51+00:00,Angot Michel,,https://list.indology.info/pipermail/indology/2008-June/031754.html
031769,2008-06-30 23:22:48+00:00,Michael Witzel,,https://list.indology.info/pipermail/indology/2008-June/031769.html
031888,2008-08-04 20:50:16+00:00,George Hart,,https://list.indology.info/pipermail/indology/2008-August/031888.html
031894,2008-08-04 19:57:53+00:00,Dominik Wujastyk,,https://list.indology.info/pipermail/indology/2008-August/031894.html
031893,2008-08-05 02:54:11+00:00,Sanjay Kumar,,https://list.indology.info/pipermail/indology/2008-August/031893.html
031896,2008-08-04 21:02:45+00:00,Roy Tsohar,,https://list.indology.info/pipermail/indology/2008-August/031896.html
032956,2009-04-11 21:26:41+00:00,George Cardona,,https://list.indology.info/pipermail/indology/2009-April/032956.html
033753,2009-11-25 08:06:21+00:00,Harunaga Isaacson,,https://list.indology.info/pipermail/indology/2009-November/033753.html
034530,2010-06-24 14:56:21+00:00,Anand Dilip,,https://list.indology.info/pipermail/indology/2010-June/034530.html
034558,2010-07-06 04:32:11+00:00,Agathe Keller,,https://list.indology.info/pipermail/indology/2010-July/034558.html
034926,2010-11-28 03:44:44+00:00,Jean-Luc CHEVILLARD,new EJVS issue 17-2: Vajracharya on Unicorns,https://list.indology.info/pipermail/indology/2010-November/034926.html
034946,2010-12-03 14:20:37+00:00,Lyne BANSAT-BOUDON,test,https://list.indology.info/pipermail/indology/2010-December/034946.html
034950,2010-12-06 02:29:57+00:00,Michael Witzel,,https://list.indology.info/pipermail/indology/2010-December/034950.html
034954,2010-12-06 16:04:23+00:00,Alexandra Vandergeer,new EJVS issue 17-2: Vajracharya on Unicorns,https://list.indology.info/pipermail/indology/2010-December/034954.html
034953,2010-12-06 15:26:54+00:00,Andrew Nicholson,new EJVS issue 17-2: Vajracharya on Unicorns,https://list.indology.info/pipermail/indology/2010-December/034953.html
034956,2010-12-07 10:03:39+00:00,Klaus Karttunen,new EJVS issue 17-2: Vajracharya on Unicorns,https://list.indology.info/pipermail/indology/2010-December/034956.html
034957,2010-12-07 11:46:47+00:00,Alexandra Vandergeer,new EJVS issue 17-2: Vajracharya on Unicorns,https://list.indology.info/pipermail/indology/2010-December/034957.html
034959,2010-12-07 12:08:56+00:00,Lars Martin Fosse,new EJVS issue 17-2: Vajracharya on Unicorns,https://list.indology.info/pipermail/indology/2010-December/034959.html
034960,2010-12-07 12:10:12+00:00,Alexandra Vandergeer,new EJVS issue 17-2: Vajracharya on Unicorns,https://list.indology.info/pipermail/indology/2010-December/034960.html
035743,2011-08-13 18:42:35+00:00,Dominik Wujastyk,,https://list.indology.info/pipermail/indology/2011-August/035743.html
035744,2011-08-13 19:17:02+00:00,Artur Karp,,https://list.indology.info/pipermail/indology/2011-August/035744.html
035745,2011-08-13 21:43:17+00:00,Dominik Wujastyk,,https://list.indology.info/pipermail/indology/2011-August/035745.html
035746,2011-08-13 22:24:28+00:00,Artur Karp,,https://list.indology.info/pipermail/indology/2011-August/035746.html
035747,2011-08-13 22:44:19+00:00,Dominik Wujastyk,,https://list.indology.info/pipermail/indology/2011-August/035747.html
035748,2011-08-14 00:19:06+00:00,Artur Karp,,https://list.indology.info/pipermail/indology/2011-August/035748.html
036398,2012-03-14 12:40:12+00:00,Peter Flugel,"Jaina Studies. Newsletter of the Centre of Jaina Studies, Issue 7",https://list.indology.info/pipermail/indology/2012-March/036398.html
036808,2012-07-20 13:45:30+00:00,Roelf Barkhuis,"eJIM Volume 5, Issue 1 published",https://list.indology.info/pipermail/indology/2012-July/036808.html
036810,2012-07-20 15:08:38+00:00,Dominik Wujastyk,"eJIM Volume 5, Issue 1 published",https://list.indology.info/pipermail/indology/2012-July/036810.html
036887,2012-08-23 10:45:04+00:00,Matthew Kapstein,,https://list.indology.info/pipermail/indology/2012-August/036887.html
036888,2012-08-23 11:10:47+00:00,Matthew Kapstein,,https://list.indology.info/pipermail/indology/2012-August/036888.html
036989,2012-09-26 10:06:13+00:00,Dominik Wujastyk,,https://list.indology.info/pipermail/indology/2012-September/036989.html
036992,2012-09-26 11:14:24+00:00,Dominik Wujastyk,,https://list.indology.info/pipermail/indology/2012-September/036992.html
037158,2012-11-08 10:46:23+00:00,Dominik Wujastyk,,https://list.indology.info/pipermail/indology/2012-November/037158.html
037464,2013-02-18 21:25:14+00:00,Dominik,test from Dom Laguna,https://list.indology.info/pipermail/indology/2013-February/037464.html
037662,2013-04-01 18:18:09+00:00,Andrew Nicholson,"INDOLOGY Digest, Vol 3, Issue 1",https://list.indology.info/pipermail/indology/2013-April/037662.html
037664,2013-04-01 21:57:51+00:00,Matthew Kapstein,"INDOLOGY Digest, Vol 3, Issue 1",https://list.indology.info/pipermail/indology/2013-April/037664.html
038243,2013-08-04 15:18:28+00:00,Ken Robbins,"INDOLOGY Digest, Vol 7, Issue 7",https://list.indology.info/pipermail/indology/2013-August/038243.html
038441,2013-10-13 15:47:51+00:00,Dr. Rupali Mokashi,"INDOLOGY Digest, Vol 9, Issue 20",https://list.indology.info/pipermail/indology/2013-October/038441.html
038472,2013-10-15 07:32:38+00:00,Dr. Rupali Mokashi,"INDOLOGY Digest, Vol 9, Issue 23",https://list.indology.info/pipermail/indology/2013-October/038472.html
038485,2013-10-23 17:14:43+00:00,Dominik Wujastyk,test of html - please ignore,https://list.indology.info/pipermail/indology/2013-October/038485.html
038550,2013-11-09 03:31:18+00:00,Ajit Gargeshwari,"INDOLOGY Digest, Vol 10, Issue 5",https://list.indology.info/pipermail/indology/2013-November/038550.html
038559,2013-11-12 03:11:57+00:00,Dr. Rupali Mokashi,"INDOLOGY Digest, Vol 10, Issue 8",https://list.indology.info/pipermail/indology/2013-November/038559.html
038566,2013-11-13 15:02:11+00:00,Ajit Gargeshwari,"INDOLOGY Digest, Vol 10, Issue 10",https://list.indology.info/pipermail/indology/2013-November/038566.html
038592,2013-11-15 04:46:26+00:00,Dr. Rupali Mokashi,"INDOLOGY Digest, Vol 10, Issue 16",https://list.indology.info/pipermail/indology/2013-November/038592.html
038596,2013-11-15 14:06:11+00:00,Dominik Wujastyk,"INDOLOGY Digest, Vol 10, Issue 16",https://list.indology.info/pipermail/indology/2013-November/038596.html
038597,2013-11-15 18:22:34+00:00,Dominik Wujastyk,"INDOLOGY Digest, Vol 10, Issue 16",https://list.indology.info/pipermail/indology/2013-November/038597.html
038713,2013-12-17 06:16:50+00:00,Dr. Rupali Mokashi,"INDOLOGY Digest, Vol 11, Issue 5",https://list.indology.info/pipermail/indology/2013-December/038713.html
038714,2013-12-17 11:25:04+00:00,Dipak Bhattacharya,"INDOLOGY Digest, Vol 11, Issue 5",https://list.indology.info/pipermail/indology/2013-December/038714.html
038872,2014-01-30 16:38:08+00:00,Fabrice Duvinage,"INDOLOGY Digest, Vol 12, Issue 39",https://list.indology.info/pipermail/indology/2014-January/038872.html
038985,2014-02-13 23:32:59+00:00,Mahendra Kumar Mishra,please unsubscribe me,https://list.indology.info/pipermail/indology/2014-February/038985.html
039125,2014-03-14 17:15:17+00:00,Fabrice Duvinage,"INDOLOGY Digest, Vol 14, Issue 14",https://list.indology.info/pipermail/indology/2014-March/039125.html
039216,2014-04-06 15:11:49+00:00,Stefan Baums,,https://list.indology.info/pipermail/indology/2014-April/039216.html
039304,2014-05-08 16:06:39+00:00,Dr. Rupali Mokashi,"INDOLOGY Digest, Vol 16, Issue 4",https://list.indology.info/pipermail/indology/2014-May/039304.html
039308,2014-05-09 10:08:29+00:00,Dominik Wujastyk,"INDOLOGY Digest, Vol 16, Issue 4",https://list.indology.info/pipermail/indology/2014-May/039308.html
039322,2014-05-13 16:22:10+00:00,Ajit Gargeshwari,"INDOLOGY Digest, Vol 16, Issue 9",https://list.indology.info/pipermail/indology/2014-May/039322.html
039345,2014-05-17 17:26:12+00:00,Ajit Gargeshwari,"INDOLOGY Digest, Vol 16, Issue 15",https://list.indology.info/pipermail/indology/2014-May/039345.html
039348,2014-05-17 21:03:23+00:00,Artur Karp,"INDOLOGY Digest, Vol 16, Issue 15",https://list.indology.info/pipermail/indology/2014-May/039348.html
039377,2014-05-19 16:02:55+00:00,Ionut Moise,"INDOLOGY Digest, Vol 16, Issue 19",https://list.indology.info/pipermail/indology/2014-May/039377.html
039554,2014-06-28 03:24:11+00:00,rajam,test mail ...,https://list.indology.info/pipermail/indology/2014-June/039554.html
039555,2014-06-28 11:20:21+00:00,Rosane Rocher,test mail ...,https://list.indology.info/pipermail/indology/2014-June/039555.html
039556,2014-06-28 18:05:15+00:00,rajam,test mail ...,https://list.indology.info/pipermail/indology/2014-June/039556.html
039562,2014-06-30 03:52:06+00:00,Adheesh Sathaye,test mail ...,https://list.indology.info/pipermail/indology/2014-June/039562.html
039642,2014-07-10 16:41:23+00:00,"Moore Gerety, Finnian","INDOLOGY Digest, Vol 18, Issue 10",https://list.indology.info/pipermail/indology/2014-July/039642.html
039760,2014-07-27 20:30:54+00:00,Michael Witzel,new EJVS 21 issue 1,https://list.indology.info/pipermail/indology/2014-July/039760.html
039803,2014-08-09 16:06:57+00:00,Dr. Rupali Mokashi,"INDOLOGY Digest, Vol 19, Issue 9",https://list.indology.info/pipermail/indology/2014-August/039803.html
039804,2014-08-09 18:04:33+00:00,Madhav Deshpande,"INDOLOGY Digest, Vol 19, Issue 9",https://list.indology.info/pipermail/indology/2014-August/039804.html
039936,2014-09-12 16:06:59+00:00,Jonathan Duquette,"INDOLOGY Digest, Vol 20, Issue 10",https://list.indology.info/pipermail/indology/2014-September/039936.html
040206,2014-11-09 21:45:41+00:00,"Moore Gerety, Finnian","INDOLOGY Digest, Vol 22, Issue 8",https://list.indology.info/pipermail/indology/2014-November/040206.html
040297,2014-11-30 23:01:43+00:00,Patrick Olivelle,,https://list.indology.info/pipermail/indology/2014-November/040297.html
040299,2014-12-01 08:15:19+00:00,Matthew Kapstein,,https://list.indology.info/pipermail/indology/2014-December/040299.html
040301,2014-12-01 10:30:10+00:00,Dipak Bhattacharya,,https://list.indology.info/pipermail/indology/2014-December/040301.html
040302,2014-12-01 11:17:36+00:00,Madhav Deshpande,,https://list.indology.info/pipermail/indology/2014-December/040302.html
040303,2014-12-01 12:40:48+00:00,Dominik Wujastyk,,https://list.indology.info/pipermail/indology/2014-December/040303.html
040361,2014-12-26 17:03:12+00:00,Dr. Rupali Mokashi,"INDOLOGY Digest, Vol 23, Issue 18",https://list.indology.info/pipermail/indology/2014-December/040361.html
040513,2015-01-19 17:13:23+00:00,Lavanya Vemsani,"INDOLOGY Digest, Vol 24, Issue 19",https://list.indology.info/pipermail/indology/2015-January/040513.html
040769,2015-02-27 19:22:52+00:00,Stefan Baums,,https://list.indology.info/pipermail/indology/2015-February/040769.html
040776,2015-03-01 19:15:38+00:00,Arlo Griffiths,,https://list.indology.info/pipermail/indology/2015-March/040776.html
040777,2015-03-01 19:31:27+00:00,Lavanya Vemsani,"INDOLOGY Digest, Vol 26, Issue 1",https://list.indology.info/pipermail/indology/2015-March/040777.html
040846,2015-03-17 16:57:32+00:00,Stefan Baums,,https://list.indology.info/pipermail/indology/2015-March/040846.html
040898,2015-03-30 16:08:44+00:00,Dr. Rupali Mokashi,"INDOLOGY Digest, Vol 26, Issue 30",https://list.indology.info/pipermail/indology/2015-March/040898.html
041013,2015-04-17 23:34:37+00:00,rajam,How to unsubscribe from Indology?,https://list.indology.info/pipermail/indology/2015-April/041013.html
041014,2015-04-18 01:03:36+00:00,Gary Tubb,How to unsubscribe from Indology?,https://list.indology.info/pipermail/indology/2015-April/041014.html
041015,2015-04-18 01:28:39+00:00,Suresh Kolichala,How to unsubscribe from Indology?,https://list.indology.info/pipermail/indology/2015-April/041015.html
041016,2015-04-18 01:45:53+00:00,rajam,How to unsubscribe from Indology?,https://list.indology.info/pipermail/indology/2015-April/041016.html
041019,2015-04-18 11:39:49+00:00,Dominik Wujastyk,How to unsubscribe from Indology?,https://list.indology.info/pipermail/indology/2015-April/041019.html
041073,2015-05-03 16:09:43+00:00,Dr. Rupali Mokashi,"INDOLOGY Digest, Vol 28, Issue 3",https://list.indology.info/pipermail/indology/2015-May/041073.html
041213,2015-06-08 17:32:34+00:00,Lavanya Vemsani,"INDOLOGY Digest, Vol 29, Issue 7aryans and genetic evidence",https://list.indology.info/pipermail/indology/2015-June/041213.html
041215,2015-06-08 18:21:56+00:00,Howard Resnick,"INDOLOGY Digest, Vol 29, Issue 7aryans and genetic evidence",https://list.indology.info/pipermail/indology/2015-June/041215.html
041341,2015-06-19 06:49:10+00:00,Sam Grimes,"INDOLOGY Digest, Vol 29, Issue 18",https://list.indology.info/pipermail/indology/2015-June/041341.html
041720,2015-07-29 11:02:50+00:00,"Bijlert, V.A. van",,https://list.indology.info/pipermail/indology/2015-July/041720.html
041759,2015-08-01 16:24:58+00:00,Lavanya Vemsani,"INDOLOGY Digest, Vol 31, Issue 1",https://list.indology.info/pipermail/indology/2015-August/041759.html
041856,2015-08-13 16:39:55+00:00,Lavanya Vemsani,"INDOLOGY Digest, Vol 31, Issue 13",https://list.indology.info/pipermail/indology/2015-August/041856.html
041911,2015-08-22 16:54:36+00:00,Ionut Moise,"INDOLOGY Digest, Vol 31, Issue 22",https://list.indology.info/pipermail/indology/2015-August/041911.html
041912,2015-08-22 17:48:17+00:00,Jonathan Silk,"INDOLOGY Digest, Vol 31, Issue 22",https://list.indology.info/pipermail/indology/2015-August/041912.html
042182,2015-10-22 17:20:52+00:00,Elena Mucciarelli,"INDOLOGY Digest, Vol 33, Issue 16-Questions about Malayalam",https://list.indology.info/pipermail/indology/2015-October/042182.html
042222,2015-10-31 16:23:30+00:00,Piotr Balcerowicz,"INDOLOGY Digest, Vol 33, Issue 28",https://list.indology.info/pipermail/indology/2015-October/042222.html
042237,2015-11-03 23:15:11+00:00,Richard Salomon,"INDOLOGY Digest, Vol 33, Issue 28",https://list.indology.info/pipermail/indology/2015-November/042237.html
042241,2015-11-04 23:38:01+00:00,Piotr Balcerowicz,"INDOLOGY Digest, Vol 33, Issue 28",https://list.indology.info/pipermail/indology/2015-November/042241.html
042255,2015-11-05 23:45:16+00:00,Piotr Balcerowicz,"INDOLOGY Digest, Vol 33, Issue 28",https://list.indology.info/pipermail/indology/2015-November/042255.html
042325,2015-11-20 04:48:48+00:00,Birendra Nath Prasad,"INDOLOGY Digest, Vol 34, Issue 19",https://list.indology.info/pipermail/indology/2015-November/042325.html
042323,2015-11-20 04:48:49+00:00,Birendra Nath Prasad,"INDOLOGY Digest, Vol 34, Issue 19",https://list.indology.info/pipermail/indology/2015-November/042323.html
042324,2015-11-20 04:48:48+00:00,Birendra Nath Prasad,"INDOLOGY Digest, Vol 34, Issue 19",https://list.indology.info/pipermail/indology/2015-November/042324.html
042461,2015-12-23 17:19:00+00:00,Lavanya Vemsani,"INDOLOGY Digest, Vol 35, Issue 21",https://list.indology.info/pipermail/indology/2015-December/042461.html
042771,2016-03-03 22:24:41+00:00,Stefan Baums,,https://list.indology.info/pipermail/indology/2016-March/042771.html
044110,2016-09-14 17:09:36+00:00,Alex Watson,"INDOLOGY Digest, Vol 44, Issue 15",https://list.indology.info/pipermail/indology/2016-September/044110.html
044204,2016-09-24 10:41:56+00:00,Stefan Baums,,https://list.indology.info/pipermail/indology/2016-September/044204.html
044350,2016-10-14 18:37:11+00:00,Koenraad Elst,"INDOLOGY Digest, Vol 45, Issue 13",https://list.indology.info/pipermail/indology/2016-October/044350.html
044909,2016-12-21 18:39:41+00:00,Alex Watson,"INDOLOGY Digest, Vol 47, Issue 22",https://list.indology.info/pipermail/indology/2016-December/044909.html
044911,2016-12-22 01:47:53+00:00,Dominik Wujastyk,"INDOLOGY Digest, Vol 47, Issue 22",https://list.indology.info/pipermail/indology/2016-December/044911.html
046109,2017-06-20 17:09:43+00:00,Gleb Sharygin,"3. Warder Sanskrit Reader (James Hegarty) (Digest, Vol 53, Issue 21)",https://list.indology.info/pipermail/indology/2017-June/046109.html
047888,2018-07-17 19:00:07+00:00,Ionut Moise,"INDOLOGY Digest, Vol 66, Issue 11",https://list.indology.info/pipermail/indology/2018-July/047888.html
048056,2018-08-15 09:03:07+00:00,Claudius Teodorescu,"INDOLOGY Digest, Vol 67, Issue 14",https://list.indology.info/pipermail/indology/2018-August/048056.html
048064,2018-08-15 16:55:14+00:00,Claudius Teodorescu,"INDOLOGY Digest, Vol 67, Issue 14",https://list.indology.info/pipermail/indology/2018-August/048064.html
048585,2018-10-16 17:27:08+00:00,Arnaud Fournet,"INDOLOGY Digest, Vol 69, Issue 16",https://list.indology.info/pipermail/indology/2018-October/048585.html
048586,2018-10-16 17:42:38+00:00,Artur Karp,"INDOLOGY Digest, Vol 69, Issue 16",https://list.indology.info/pipermail/indology/2018-October/048586.html
048587,2018-10-16 17:50:16+00:00,Arnaud Fournet,"INDOLOGY Digest, Vol 69, Issue 16",https://list.indology.info/pipermail/indology/2018-October/048587.html
048597,2018-10-18 17:41:06+00:00,Arnaud Fournet,"INDOLOGY Digest, Vol 69, Issue 18",https://list.indology.info/pipermail/indology/2018-October/048597.html
048614,2018-10-21 04:29:01+00:00,Dominik Wujastyk,"INDOLOGY Digest, Vol 69, Issue 18",https://list.indology.info/pipermail/indology/2018-October/048614.html
049307,2019-02-16 18:35:04+00:00,DIEGO LOUKOTA SANCLEMENTE,"INDOLOGY Digest, Vol 73, Issue 17",https://list.indology.info/pipermail/indology/2019-February/049307.html
049308,2019-02-16 18:49:49+00:00,DIEGO LOUKOTA SANCLEMENTE,"INDOLOGY Digest, Vol 73, Issue 17",https://list.indology.info/pipermail/indology/2019-February/049308.html
049475,2019-03-09 15:24:12+00:00,Birendra Nath Prasad,"INDOLOGY Digest, Vol 74, Issue 9",https://list.indology.info/pipermail/indology/2019-March/049475.html
050023,2019-04-30 15:51:54+00:00,Birendra Nath Prasad,"INDOLOGY Digest, Vol 75, Issue 28",https://list.indology.info/pipermail/indology/2019-April/050023.html
050111,2019-05-17 05:33:46+00:00,Richard Mahoney | Indica et Buddhica,,https://list.indology.info/pipermail/indology/2019-May/050111.html
050526,2019-07-22 08:52:30+00:00,Birendra Nath Prasad,"INDOLOGY Digest, Vol 78, Issue 21",https://list.indology.info/pipermail/indology/2019-July/050526.html
051150,2019-10-21 16:28:10+00:00,Caley Smith,"INDOLOGY Digest, Vol 81, Issue 19",https://list.indology.info/pipermail/indology/2019-October/051150.html
051321,2019-11-16 06:39:48+00:00,Birendra Nath Prasad,"INDOLOGY Digest, Vol 82, Issue 15",https://list.indology.info/pipermail/indology/2019-November/051321.html
051615,2020-01-20 08:29:16+00:00,Richard Mahoney | Indica et Buddhica,,https://list.indology.info/pipermail/indology/2020-January/051615.html
051755,2020-02-21 13:10:01+00:00,Birendra Nath Prasad,"INDOLOGY Digest, Vol 85, Issue 18",https://list.indology.info/pipermail/indology/2020-February/051755.html
052394,2020-04-25 20:34:41+00:00,Lavanya Vemsani,"INDOLOGY Digest, Vol 87, Issue 27",https://list.indology.info/pipermail/indology/2020-April/052394.html
052595,2020-05-19 07:15:10+00:00,Birendra Nath Prasad,"INDOLOGY Digest, Vol 88, Issue 17",https://list.indology.info/pipermail/indology/2020-May/052595.html
052606,2020-05-22 13:18:32+00:00,Birendra Nath Prasad,"INDOLOGY Digest, Vol 88, Issue 18",https://list.indology.info/pipermail/indology/2020-May/052606.html
054287,2021-02-23 09:04:21+00:00,Kush Depala,test,https://list.indology.info/pipermail/indology/2021-February/054287.html
054480,2021-04-08 01:39:14+00:00,Dominik Wujastyk,test message of updated system - please ignore.,https://list.indology.info/pipermail/indology/2021-April/054480.html
057505,2023-04-07 12:24:00+00:00,Pranav Prakash,"INDOLOGY Digest, Vol 590, Issue 1",https://list.indology.info/pipermail/indology/2023-April/057505.html
057506,2023-04-07 13:19:27+00:00,Mrinal Kaul,"INDOLOGY Digest, Vol 590, Issue 1",https://list.indology.info/pipermail/indology/2023-April/057506.html
057507,2023-04-07 14:34:04+00:00,Lubomír Ondračka,"INDOLOGY Digest, Vol 590, Issue 1",https://list.indology.info/pipermail/indology/2023-April/057507.html
058999,2024-04-08 02:40:27+00:00,Raffaello De Leon-Jones Diani,Test,https://list.indology.info/pipermail/indology/2024-April/058999.html
060037,2025-01-07 05:41:57+00:00,Pankaj Sukanraj Jain पंकज सुकनराज जैन,The India Centre Newsletter: Issue 1,https://list.indology.info/pipermail/indology/2025-January/060037.html
062060,2026-05-23 14:55:05+00:00,Susan Huntington,"INDOLOGY Digest, Vol 1588, Issue 1",https://list.indology.info/pipermail/indology/2026-May/062060.html
062069,2026-06-01 20:52:25+00:00,Dominik Wujastyk,"INDOLOGY Digest, Vol 1588, Issue 1",https://list.indology.info/pipermail/indology/2026-June/062069.html
